k_ind,t_sim,P_1,P_2,X_1,X_2,X_3,Y_m_1,Y_m_2
0,0,5.4,5.6,740,479,532,740.398949017543,547.167379052414
1,0.0166666666666667,5.4,5.6,739.86866350882,478.920725042014,532.060941624653,741.229406189649,532.303756746138
2,0.0333333333333333,5.4,5.6,739.743566974139,478.845471810702,532.117892078187,738.067502603274,531.603774612421
3,0.05,5.4,5.6,739.624396257404,478.774034704901,532.17105691084,740.264128861118,550.443391097753
4,0.0666666666666667,5.4,5.6,739.510854634452,478.706219748882,532.220630047498,739.747378442428,526.746326252376
5,0.0833333333333333,5.4,5.6,739.402661681263,478.64184382978,532.266794550273,738.432356965404,532.236132278323
6,0.1,5.4,5.6,739.299552244722,478.580733994623,532.309723321463,738.977826964171,542.189095758584
7,0.116666666666667,5.4,5.6,739.201275490653,478.522726801453,532.34957975244,739.455502844825,533.958525540916
8,0.133333333333333,5.4,5.6,739.107594022211,478.467667719615,532.386518323355,741.762764551487,547.475503529926
9,0.15,5.4,5.6,739.018283062444,478.415410574778,532.42068515812,741.073205338619,543.527150493099
10,0.166666666666667,5.4,5.6,738.933129695475,478.365817034761,532.452218538583,737.931513585879,535.583683439981
11,0.183333333333333,5.4,5.6,738.851932161297,478.3187561326,532.481249381454,741.103845373315,524.128767079987
12,0.2,5.4,5.6,738.774499199677,478.274103823671,532.507901681193,739.312749134587,538.594217768765
13,0.216666666666667,5.4,5.6,738.700649439137,478.231742573985,532.532292921704,738.65386272323,517.682941668885
14,0.233333333333333,5.4,5.6,738.630210827309,478.191560977079,532.55453445945,739.160550061948,535.180192475285
15,0.25,5.4,5.6,738.563020099373,478.153453397144,532.574731880324,738.410935284114,541.257364626345
16,0.266666666666667,5.4,5.6,738.498922281552,478.117319636277,532.592985332395,738.406807175176,534.881053173393
17,0.283333333333333,5.4,5.6,738.437770226951,478.083064623941,532.60938983645,739.543125851928,542.057122580317
18,0.3,5.4,5.6,738.379424181237,478.050598126878,532.624035576079,739.424927772669,554.521566516266
19,0.316666666666667,5.4,5.6,738.323751375925,478.019834477901,532.637008168885,739.37530814669,542.560042667804
20,0.333333333333333,5.4,5.6,738.270625647194,477.990692322122,532.648388920253,738.768876520331,535.515082296692
21,0.35,5.4,5.6,738.219927078355,477.963094379299,532.658255061005,737.323971781723,539.549699639975
22,0.366666666666667,5.4,5.6,738.171541664268,477.936967221106,532.66667997013,738.703732743554,537.236392689546
23,0.383333333333333,5.4,5.6,738.125360996115,477.912241062234,532.673733383684,739.334995580675,518.553602956235
24,0.4,5.4,5.6,738.081281965111,477.888849564315,532.679481590859,738.444041142682,528.207225091287
25,0.416666666666667,5.4,5.6,738.039206483811,477.866729651764,532.683987618152,738.80694869717,545.837134856346
26,0.433333333333333,5.4,5.6,737.999041223818,477.845821338683,532.687311402449,738.538389992788,532.219217034882
27,0.45,5.4,5.6,737.960697368766,477.82606756607,532.689509953827,737.735544202574,538.944735953618
28,0.466666666666667,5.4,5.6,737.924090381554,477.80741404862,532.690637508744,738.142143010139,521.880826707333
29,0.483333333333333,5.4,5.6,737.889139784883,477.789809130456,532.690745674312,737.304975944494,533.383655486734
30,0.5,5.4,5.6,737.855768954229,477.773203649206,532.689883564221,738.514958512993,539.137019098476
31,0.516666666666667,5.4,5.6,737.823904922436,477.757550807862,532.688097926876,736.972778903065,518.065427311631
32,0.533333333333333,5.4,5.6,737.793478195191,477.742806053908,532.685433266273,737.00037631523,536.418578133524
33,0.55,5.4,5.6,737.76442257669,477.728926965255,532.681931956059,737.163774545427,530.728935789806
34,0.566666666666667,5.4,5.6,737.736675004854,477.715873142538,532.677634347239,735.552016156654,522.587030961028
35,0.583333333333333,5.4,5.6,737.710175395501,477.703606107376,532.672578869919,738.77745357277,532.269472422001
36,0.6,5.4,5.6,737.684866494932,477.692089206212,532.666802129454,737.926157875208,512.300491867948
37,0.616666666666667,5.4,5.6,737.660693740404,477.681287519405,532.660338997368,737.10053692758,509.805868507086
38,0.633333333333333,5.4,5.6,737.637605128041,477.671167775224,532.653222697355,738.654366644791,520.013066125476
39,0.65,5.4,5.6,737.615551087708,477.661698268472,532.645484886652,736.345605904919,522.007168838652
40,0.666666666666667,5.4,5.6,737.594484364467,477.652848783446,532.637155733086,737.518620469472,520.038788538234
41,0.683333333333333,5.4,5.6,737.574359906207,477.644590520973,532.628263988032,737.395206201334,514.097169528494
42,0.7,5.4,5.6,737.555134757106,477.636896029293,532.61883705553,737.791986157566,535.714406738532
43,0.716666666666667,5.4,5.6,737.536767956586,477.62973913855,532.608901057798,737.768909035291,515.487367902132
44,0.733333333333333,5.4,5.6,737.519220443445,477.623094898691,532.598480897329,736.87747954479,533.782231337988
45,0.75,5.4,5.6,737.502454964872,477.616939520572,532.587600315788,737.480156903094,541.040696419873
46,0.766666666666667,5.4,5.6,737.486435990081,477.611250320092,532.576281949874,737.364095757828,532.552366264863
47,0.783333333333333,5.4,5.6,737.471129628303,477.606005665177,532.564547384339,737.93688843565,533.564535467371
48,0.8,5.4,5.6,737.456503550891,477.601184925462,532.552417202305,738.267706677318,528.491010414531
49,0.816666666666667,5.4,5.6,737.442526917318,477.596768424517,532.539911033037,738.265607704148,516.615969600263
50,0.833333333333333,5.4,5.6,737.429170304862,477.592737394475,532.527047597317,736.788339910946,532.056435990569
51,0.85,5.4,5.6,737.416405641762,477.589073932933,532.51384475054,737.473806087381,542.833107524006
52,0.866666666666667,5.4,5.6,737.404206143686,477.585760962001,532.500319523666,736.503331297324,551.169070099933
53,0.883333333333333,5.4,5.6,737.392546253303,477.582782189384,532.486488162139,736.56632870312,527.866073118483
54,0.9,5.4,5.6,737.381401582824,477.580122071386,532.472366162884,737.376319381371,514.994919973198
55,0.916666666666667,5.4,5.6,737.370748859338,477.577765777736,532.457968309477,738.507960548085,534.244540378498
56,0.933333333333333,5.4,5.6,737.360565872807,477.575699158137,532.443308705597,736.789473764802,536.484404583838
57,0.95,5.4,5.6,737.350831426573,477.573908710447,532.428400806848,737.626394505641,529.990952815903
58,0.966666666666667,5.4,5.6,737.341525290259,477.572381550417,532.413257451016,737.174141663774,520.07393946051
59,0.983333333333333,5.4,5.6,737.332628154925,477.571105382882,532.397890886883,738.161706409925,554.139223005984
60,1,5.4,5.6,737.324121590386,477.570068474355,532.382312801627,736.516035883457,507.041030293933
61,1.01666666666667,5.4,5.6,737.315988004566,477.56925962694,532.366534346914,737.340145642976,526.889434575023
62,1.03333333333333,5.4,5.6,737.308210604782,477.568668153494,532.350566163737,737.718185654447,518.156307318437
63,1.05,5.4,5.6,737.300773360879,477.568283853977,532.334418406059,738.117426142546,525.50240100471
64,1.06666666666667,5.4,5.6,737.293660970106,477.568096992938,532.31810076333,738.43946619657,535.731825004032
65,1.08333333333333,5.4,5.6,737.286858823658,477.568098278066,532.301622481942,737.350619724474,533.78425772753
66,1.1,5.4,5.6,737.280352974791,477.568278839762,532.284992385647,736.173592964298,524.651697682174
67,1.11666666666667,5.4,5.6,737.274130108445,477.568630211678,532.268218895022,736.723342145199,540.613236771993
68,1.13333333333333,5.4,5.6,737.268177512287,477.569144312177,532.251310046012,736.480483866164,538.93582079162
69,1.15,5.4,5.6,737.262483049114,477.569813426666,532.234273507593,739.006522309324,539.187144207296
70,1.16666666666667,5.4,5.6,737.257035130551,477.570630190756,532.217116598614,736.800258534503,527.645832337581
71,1.18333333333333,5.4,5.6,737.251822691969,477.571587574218,532.199846303835,737.806895665477,543.461603671997
72,1.2,5.4,5.6,737.246835168577,477.572678865689,532.182469289234,737.10406063372,539.278463396818
73,1.21666666666667,5.4,5.6,737.242062472626,477.57389765809,532.164991916575,737.901411408288,559.109208278584
74,1.23333333333333,5.4,5.6,737.237494971671,477.575237834726,532.147420257315,736.669976838137,543.568976780616
75,1.25,5.4,5.6,737.233123467837,477.576693556033,532.129760105854,736.192639892588,544.55509866259
76,1.26666666666667,5.4,5.6,737.228939178054,477.578259246943,532.112016992173,736.173536241636,532.68100959765
77,1.28333333333333,5.4,5.6,737.224933715195,477.579929584832,532.094196193885,737.587173596311,518.256930522306
78,1.3,5.4,5.6,737.221099070089,477.581699488028,532.076302747725,737.089486703877,528.0893865496
79,1.31666666666667,5.4,5.6,737.217427594367,477.583564104849,532.05834146051,737.071955906413,523.919656277313
80,1.33333333333333,5.4,5.6,737.21391198409,477.585518803154,532.040316919597,738.267040115867,525.983290750722
81,1.35,5.4,5.6,737.210545264138,477.587559160363,532.022233502849,737.426900869634,537.984421637269
82,1.36666666666667,5.4,5.6,737.207320773306,477.589680953953,532.004095388153,737.354096574976,526.024298981327
83,1.38333333333333,5.4,5.6,737.204232150091,477.591880152376,531.985906562493,738.382304874851,522.372391487412
84,1.4,5.4,5.6,737.201273319131,477.594152906406,531.967670830606,736.604359579519,527.571491100256
85,1.41666666666667,5.4,5.6,737.198438478257,477.596495540873,531.949391823244,737.715333794817,530.221467948473
86,1.43333333333333,5.4,5.6,737.195722086143,477.598904546786,531.931073005057,737.815357504627,536.327324788149
87,1.45,5.4,5.6,737.19311885052,477.601376573811,531.912717682113,737.012282216359,521.681407073044
88,1.46666666666667,5.4,5.6,737.190623716925,477.60390842309,531.894329009073,737.350650921037,535.30231866184
89,1.48333333333333,5.4,5.6,737.188231857965,477.606497040398,531.875909996045,736.323175660805,532.71384566575
90,1.5,5.4,5.6,737.185938663068,477.6091395096,531.857463515116,736.334157701125,546.081363239097
91,1.51666666666667,5.4,5.6,737.183739728704,477.611833046421,531.838992306588,737.261556767988,529.54954128242
92,1.53333333333333,5.4,5.6,737.181630849046,477.614574992482,531.820498984939,737.717543340957,530.376198342413
93,1.55,5.4,5.6,737.179608007061,477.617362809628,531.801986044497,739.098042516502,519.221624560033
94,1.56666666666667,5.4,5.6,737.177667366,477.620194074495,531.783455864873,736.682834488339,516.905734647356
95,1.58333333333333,5.4,5.6,737.175805261277,477.623066473336,531.764910716132,737.314804881514,535.099770057901
96,1.6,5.4,5.6,737.174018192719,477.625977797083,531.746352763736,737.112807329094,529.066840211286
97,1.61666666666667,5.4,5.6,737.172302817162,477.628925936619,531.727784073266,735.737999812116,537.137995231885
98,1.63333333333333,5.4,5.6,737.170655941384,477.631908878282,531.70920661492,736.844943055164,522.122023141576
99,1.65,5.4,5.6,737.169074515359,477.634924699564,531.690622267815,735.837422814999,552.188044695862
100,1.66666666666667,5.4,5.6,737.16755562582,477.637971565006,531.672032824094,737.791114268897,532.984790547516
101,1.68333333333333,5.4,5.6,737.166096490104,477.641047722276,531.653439992843,736.507176685015,542.898577279327
102,1.7,5.4,5.6,737.164694450281,477.644151498431,531.63484540383,737.23896333247,529.197722463091
103,1.71666666666667,5.4,5.6,737.163346967552,477.647281296343,531.616250611081,736.759306501499,529.87097975885
104,1.73333333333333,5.4,5.6,737.16205161689,477.650435591291,531.597657096288,737.38726404652,539.00881447928
105,1.75,5.4,5.6,737.160806081932,477.653612927699,531.579066272066,736.715363772829,537.547893997032
106,1.76666666666667,5.4,5.6,737.159608150096,477.656811916033,531.560479485066,737.523162418407,519.52894076908
107,1.78333333333333,5.4,5.6,737.158455707921,477.660031229826,531.541898018938,737.707063145636,515.080775049335
108,1.8,5.4,5.6,737.157346736617,477.663269602847,531.523323097169,738.427567471589,519.732223252302
109,1.81666666666667,5.4,5.6,737.156279307813,477.666525826391,531.50475588579,737.012239644281,516.299350412151
110,1.83333333333333,5.4,5.6,737.155251579503,477.669798746699,531.486197495962,735.568591969579,532.125985617162
111,1.85,5.4,5.6,737.154261792162,477.673087262481,531.467648986442,736.531286941639,527.050814046226
112,1.86666666666667,5.4,5.6,737.153308265053,477.676390322567,531.449111365942,738.158417256433,527.496676093082
113,1.88333333333333,5.4,5.6,737.152389392687,477.679706923651,531.430585595378,736.356850168706,516.81384158569
114,1.9,5.4,5.6,737.151503641451,477.683036108142,531.412072590021,737.864531412798,539.784626774635
115,1.91666666666667,5.4,5.6,737.15064954638,477.686376962114,531.393573221553,737.242694497982,536.11284855964
116,1.93333333333333,5.4,5.6,737.149825708084,477.689728613342,531.375088320019,738.215854602141,530.412542844638
117,1.95,5.4,5.6,737.149030789801,477.69309022943,531.356618675709,735.694042990272,542.324093143181
118,1.96666666666667,5.4,5.6,737.148263514596,477.696461016025,531.338165040938,737.001571430923,521.951625586527
119,1.98333333333333,5.4,5.6,737.147522662672,477.69984021511,531.319728131759,736.251301312609,535.773609279091
120,2,5.4,5.6,737.146807068814,477.703227103367,531.30130862959,739.304549027615,535.043567117078
121,2.01666666666667,5.4,5.6,737.146115619939,477.706620990628,531.282907182774,737.758428039457,535.033899617742
122,2.03333333333333,5.4,5.6,737.145447252764,477.710021218382,531.264524408066,738.168644460378,523.432408753725
123,2.05,5.4,5.6,737.144800951568,477.713427158353,531.246160892051,736.359631200141,534.756425163765
124,2.06666666666667,5.4,5.6,737.144175746065,477.716838211148,531.227817192505,736.796462984888,525.697988454874
125,2.08333333333333,5.4,5.6,737.143570709369,477.720253804959,531.209493839687,736.941398407705,521.581662183291
126,2.1,5.4,5.6,737.142984956048,477.723673394324,531.191191337582,737.958016022521,518.268091015484
127,2.11666666666667,5.4,5.6,737.142417640266,477.727096458945,531.172910165074,736.936236666138,542.319050133146
128,2.13333333333333,5.4,5.6,737.141867954011,477.73052250256,531.154650777086,737.662411715968,522.069209936597
129,2.15,5.4,5.6,737.141335125401,477.733951051864,531.13641360565,735.618887430867,529.279318918306
130,2.16666666666667,5.4,5.6,737.140818417064,477.73738165548,531.118199060938,736.878261718715,518.137275993028
131,2.18333333333333,5.4,5.6,737.140317124593,477.740813882973,531.100007532251,736.529215922927,527.9088657003
132,2.2,5.4,5.6,737.139830575073,477.744247323912,531.081839388953,735.969654264156,496.369753460557
133,2.21666666666667,5.4,5.6,737.139358125665,477.747681586971,531.063694981371,737.516275316638,519.389752856957
134,2.23333333333333,5.4,5.6,737.138899162264,477.751116299075,531.045574641654,737.348131337508,515.725650288841
135,2.25,5.4,5.6,737.138453098211,477.754551104577,531.027478684584,737.163295170836,520.132277439429
136,2.26666666666667,5.4,5.6,737.138019373062,477.757985664477,531.009407408369,736.148430339039,528.718917805948
137,2.28333333333333,5.4,5.6,737.13759745142,477.761419655677,530.99136109538,737.97419672195,527.497125934308
138,2.3,5.4,5.6,737.137186821808,477.764852770267,530.973340012872,737.397019944475,551.85617229859
139,2.31666666666667,5.4,5.6,737.136786995599,477.76828471484,530.95534441366,736.914880001091,524.814500048587
140,2.33333333333333,5.4,5.6,737.136397505997,477.771715209847,530.937374536772,737.153381732218,528.252027870676
141,2.35,5.4,5.6,737.136017907055,477.775143988968,530.919430608074,736.94161729431,514.064982456615
142,2.36666666666667,5.4,5.6,737.135647772746,477.778570798523,530.901512840857,735.836990195359,525.774423032783
143,2.38333333333333,5.4,5.6,737.135286696069,477.781995396905,530.88362143641,736.923333675146,516.513752177151
144,2.4,5.4,5.6,737.134934288197,477.785417554034,530.865756584559,736.518060336613,531.191168100044
145,2.41666666666667,5.4,5.6,737.134590177665,477.788837050844,530.847918464185,736.40801909923,540.010070347334
146,2.43333333333333,5.4,5.6,737.134254009593,477.792253678784,530.83010724372,736.27620398109,535.171789458994
147,2.45,5.4,5.6,737.133925444943,477.79566723935,530.812323081617,736.738026069831,523.287661989505
148,2.46666666666667,5.4,5.6,737.133604159811,477.799077543631,530.794566126801,735.647648443786,513.282535458696
149,2.48333333333333,5.4,5.6,737.13328984475,477.802484411879,530.776836519103,737.848748076342,546.457378127535
150,2.5,5.4,5.6,737.132982204118,477.805887673097,530.759134389667,737.518866799398,552.77659334142
151,2.51666666666667,5.4,5.6,737.132680955472,477.809287164647,530.741459861346,737.117820289553,532.035636302118
152,2.53333333333333,5.4,5.6,737.132385828962,477.812682731872,530.723813049078,737.106585683129,520.092269819742
153,2.55,5.4,5.6,737.132096566782,477.81607422774,530.706194060242,736.539859187036,543.570259694383
154,2.56666666666667,5.4,5.6,737.131812922622,477.8194615125,530.688602995002,737.887677401961,524.323475211864
155,2.58333333333333,5.4,5.6,737.131534661156,477.822844453353,530.671039946636,737.032687291361,525.625287385605
156,2.6,5.4,5.6,737.131261557552,477.826222924143,530.653505001846,736.601080176021,540.173198031607
157,2.61666666666667,5.4,5.6,737.130993397,477.829596805056,530.635998241057,738.133721637172,515.758737577126
158,2.63333333333333,5.4,5.6,737.130729974267,477.832965982334,530.618519738702,736.963949850676,509.602982270251
159,2.65,5.4,5.6,737.130471093266,477.836330348004,530.601069563498,736.693411552471,535.119212503659
160,2.66666666666667,5.4,5.6,737.130216566646,477.839689799616,530.5836477787,736.912251397127,534.887573878798
161,2.68333333333333,5.4,5.6,737.129966215406,477.843044239997,530.566254442354,736.500804942626,531.588081217815
162,2.7,5.4,5.6,737.129719868513,477.846393577012,530.548889607536,736.298584668991,535.883279973712
163,2.71666666666667,5.4,5.6,737.129477362557,477.849737723335,530.531553322572,739.003769134109,542.154817325338
164,2.73333333333333,5.4,5.6,737.129238541399,477.853076596235,530.514245631261,738.357617755322,540.936854878189
165,2.75,5.4,5.6,737.129003255854,477.856410117371,530.496966573081,737.357194344009,524.390529387097
166,2.76666666666667,5.4,5.6,737.128771363374,477.859738212585,530.479716183382,736.195989540735,539.178816250823
167,2.78333333333333,5.4,5.6,737.128542727754,477.863060811726,530.462494493581,736.486365449082,532.323171267058
168,2.8,5.4,5.6,737.128317218849,477.866377848458,530.445301531339,736.997328906089,525.015774345484
169,2.81666666666667,5.4,5.6,737.128094712301,477.869689260097,530.428137320734,737.715325430029,517.612033126573
170,2.83333333333333,5.4,5.6,737.127875089281,477.872994987439,530.411001882425,736.139527808666,537.359469766009
171,2.85,5.4,5.6,737.127658236244,477.876294974604,530.39389523381,735.398896806637,526.595988517335
172,2.86666666666667,5.4,5.6,737.127444044687,477.879589168892,530.376817389175,736.052213853401,530.875524205802
173,2.88333333333333,5.4,5.6,737.127232410929,477.882877520631,530.359768359839,737.374697449064,521.843512186191
174,2.9,5.4,5.6,737.127023235894,477.886159983045,530.34274815429,737.417407610383,513.690222695158
175,2.91666666666667,5.4,5.6,737.126816424902,477.889436512123,530.325756778317,737.461962553747,532.168594233902
176,2.93333333333333,5.4,5.6,737.126611887477,477.89270706649,530.308794235132,737.029940674843,529.641420034734
177,2.95,5.4,5.6,737.126409537155,477.895971607292,530.291860525494,737.262706846285,543.16941992761
178,2.96666666666667,5.4,5.6,737.12620929131,477.89923009808,530.274955647819,736.772903752979,538.885257363134
179,2.98333333333333,5.4,5.6,737.126011070975,477.902482504699,530.258079598289,737.76563110675,541.570570778355
180,3,5.4,5.6,737.125814800682,477.905728795189,530.241232370962,736.115437503296,522.198296048648
181,3.01666666666667,5.4,5.6,737.12562040831,477.908968939679,530.224413957861,737.463252339192,520.168267378835
182,3.03333333333333,5.4,5.6,737.125427824926,477.912202910298,530.20762434908,736.495685465015,516.577632408473
183,3.05,5.4,5.6,737.125236984651,477.915430681078,530.190863532867,736.87675087594,535.539175424389
184,3.06666666666667,5.4,5.6,737.125047824519,477.918652227875,530.174131495714,737.53521306721,560.12886280661
185,3.08333333333333,5.4,5.6,737.124860284347,477.921867528279,530.157428222438,737.895865549247,537.971551898913
186,3.1,5.4,5.6,737.124674306611,477.925076561537,530.140753696262,736.295386403629,521.838045239146
187,3.11666666666667,5.4,5.6,737.124489836331,477.928279308482,530.124107898886,738.059898598498,539.10955442196
188,3.13333333333333,5.4,5.6,737.124306820948,477.931475751454,530.107490810569,737.614133031605,517.989223280271
189,3.15,5.4,5.6,737.124125210226,477.934665874234,530.090902410186,737.073768969498,514.792093628374
190,3.16666666666667,5.4,5.6,737.123944956144,477.937849661979,530.0743426753,736.979090827303,537.779673143849
191,3.18333333333333,5.4,5.6,737.123766012793,477.941027101158,530.057811582225,736.962302100987,521.703106295434
192,3.2,5.4,5.6,737.123588336287,477.944198179491,530.041309106086,736.898682481244,533.434997464896
193,3.21666666666667,5.4,5.6,737.123411884672,477.947362885896,530.024835220872,737.140511737996,545.131022603817
194,3.23333333333333,5.4,5.6,737.123236617837,477.950521210426,530.008389899497,737.161294061876,534.316468487258
195,3.25,5.4,5.6,737.123062497433,477.953673144226,529.991973113848,737.73600108777,539.976524568515
196,3.26666666666667,5.4,5.6,737.122889486795,477.956818679474,529.975584834836,738.255906188351,512.729269157209
197,3.28333333333333,5.4,5.6,737.122717550867,477.959957809342,529.959225032445,737.469168062145,537.06412429433
198,3.3,5.4,5.6,737.122546656127,477.963090527942,529.942893675774,736.966939359042,552.910407881893
199,3.31666666666667,5.4,5.6,737.122376770522,477.966216830289,529.926590733088,737.586268015481,535.738428033188
200,3.33333333333333,5.4,5.6,737.122207863402,477.969336712256,529.910316171849,737.258162492549,513.361295238695
201,3.35,5.4,5.6,737.122039905454,477.972450170533,529.894069958764,736.357952388127,527.712316342378
202,3.36666666666667,5.4,5.6,737.121872868646,477.975557202594,529.877852059821,737.826195467345,524.508225577911
203,3.38333333333333,5.4,5.6,737.121706726167,477.978657806655,529.861662440323,737.349546670174,533.975339263589
204,3.4,5.4,5.6,737.121541452376,477.981751981643,529.845501064924,737.221841259414,534.270761025844
205,3.41666666666667,5.4,5.6,737.121377022746,477.984839727161,529.82936789766,737.503689803705,534.184357890207
206,3.43333333333333,5.4,5.6,737.121213413816,477.987921043458,529.813262901989,737.315176906265,525.906257637527
207,3.45,5.4,5.6,737.121050603142,477.990995931397,529.797186040807,736.422468161093,523.361004330756
208,3.46666666666667,5.4,5.6,737.120888569255,477.994064392428,529.781137276489,737.000434016035,523.44895150866
209,3.48333333333333,5.4,5.6,737.120727291615,477.997126428558,529.765116570911,737.012354752941,538.932145128763
210,3.5,5.4,5.6,737.120566750566,478.000182042327,529.749123885476,736.725814308974,509.847817198429
211,3.51666666666667,5.4,5.6,737.120406927305,478.003231236781,529.733159181141,738.368527794545,527.506723246526
212,3.53333333333333,5.4,5.6,737.120247803837,478.006274015451,529.717222418441,736.470456628986,532.621084315331
213,3.55,5.4,5.6,737.120089362939,478.009310382326,529.70131355751,736.761098595758,522.690552887997
214,3.56666666666667,5.4,5.6,737.119931588132,478.012340341832,529.685432558103,736.591624212754,534.810853599085
215,3.58333333333333,5.4,5.6,737.119774463641,478.015363898816,529.669579379619,736.2485089137,528.903606338324
216,3.6,5.4,5.6,737.119617974365,478.018381058519,529.653753981119,736.976976252351,519.576398145112
217,3.61666666666667,5.4,5.6,737.11946210585,478.02139182656,529.637956321346,736.91610199524,531.371000683494
218,3.63333333333333,5.4,5.6,737.119306844255,478.024396208918,529.622186358741,738.254620649958,526.741902206991
219,3.65,5.4,5.6,737.119152176331,478.027394211916,529.606444051463,736.934375817385,525.204411814556
220,3.66666666666667,5.4,5.6,737.118998089388,478.0303858422,529.590729357406,736.329351737024,521.951123446355
221,3.68333333333333,5.4,5.6,737.118844571277,478.033371106729,529.575042234212,738.308609886482,530.234966727905
222,3.7,5.4,5.6,737.118691610359,478.036350012753,529.559382639286,738.034823537352,509.731954643587
223,3.71666666666667,5.4,5.6,737.118539195486,478.039322567805,529.543750529813,736.948156368871,525.265652826618
224,3.73333333333333,5.4,5.6,737.11838731598,478.042288779683,529.528145862773,736.000816815627,523.690439036656
225,3.75,5.4,5.6,737.11823596161,478.045248656437,529.512568594948,736.788322121806,519.718778658888
226,3.76666666666667,5.4,5.6,737.118085122571,478.04820220636,529.49701868294,737.002376874063,536.507001550229
227,3.78333333333333,5.4,5.6,737.117934789469,478.051149437971,529.48149608318,737.322777433886,521.595422765914
228,3.8,5.4,5.6,737.117784953298,478.054090360007,529.466000751942,736.924001528131,535.27240013655
229,3.81666666666667,5.4,5.6,737.117635605426,478.05702498141,529.450532645353,737.446654664801,539.931063745762
230,3.83333333333333,5.4,5.6,737.117486737578,478.059953311318,529.4350917194,737.408272240977,527.750303465231
231,3.85,5.4,5.6,737.117338341819,478.062875359054,529.419677929946,736.189334592954,532.403242645255
232,3.86666666666667,5.4,5.6,737.117190410539,478.065791134117,529.404291232734,736.413803406169,536.272707068145
233,3.88333333333333,5.4,5.6,737.117042936439,478.068700646172,529.388931583401,736.567142214736,528.51922770165
234,3.9,5.4,5.6,737.116895912518,478.071603905043,529.373598937481,736.740095290211,535.182544281506
235,3.91666666666667,5.4,5.6,737.116749332057,478.074500920701,529.358293250419,736.87888230616,515.798346819115
236,3.93333333333333,5.4,5.6,737.116603188609,478.07739170326,529.343014477574,737.1258552173,541.268966526371
237,3.95,5.4,5.6,737.116457475987,478.080276262969,529.32776257423,734.868807888665,518.699859401036
238,3.96666666666667,5.4,5.6,737.116312188249,478.083154610203,529.312537495601,736.777207324722,509.670839562252
239,3.98333333333333,5.4,5.6,737.116167319691,478.086026755454,529.29733919684,738.038064037233,544.166853208785
240,4,5.4,5.6,737.116022864836,478.088892709331,529.282167633043,736.32453042679,528.60848186504
241,4.01666666666667,5.4,5.6,737.115878818423,478.091752482546,529.267022759257,737.808705115125,534.088435588263
242,4.03333333333333,5.4,5.6,737.115735175396,478.094606085915,529.251904530485,737.375673358402,525.350508536182
243,4.05,5.4,5.6,737.115591930895,478.097453530347,529.236812901692,737.094069654224,518.275747259465
244,4.06666666666667,5.4,5.6,737.115449080253,478.100294826841,529.221747827812,737.250828588542,496.217850915869
245,4.08333333333333,5.4,5.6,737.115306618978,478.103129986481,529.206709263749,735.954035056478,535.932945699037
246,4.1,5.4,5.6,737.115164542753,478.105959020427,529.191697164385,737.052436248728,526.112705277696
247,4.11666666666667,5.4,5.6,737.115022847424,478.108781939917,529.176711484587,738.305151039572,527.057248665009
248,4.13333333333333,5.4,5.6,737.114881528996,478.111598756256,529.161752179207,737.187855577779,533.517953881367
249,4.15,5.4,5.6,737.114740583623,478.114409480816,529.146819203087,737.145439804833,513.903016736944
250,4.16666666666667,5.4,5.6,737.114600007603,478.117214125031,529.131912511067,736.569846525982,521.297670655131
251,4.18333333333333,5.4,5.6,737.11445979737,478.12001270039,529.117032057981,737.091596009701,541.439333076606
252,4.2,5.4,5.6,737.114319949491,478.122805218436,529.102177798671,737.286721432858,535.523243955818
253,4.21666666666667,5.4,5.6,737.114180460655,478.125591690763,529.087349687982,737.430560028253,515.326388965329
254,4.23333333333333,5.4,5.6,737.114041327676,478.12837212901,529.072547680771,736.837417241317,505.409489719866
255,4.25,5.4,5.6,737.113902547478,478.13114654486,529.057771731904,736.93845324633,522.922586257348
256,4.26666666666667,5.4,5.6,737.113764117097,478.133914950036,529.043021796267,738.615342754956,531.341343977681
257,4.28333333333333,5.4,5.6,737.113626033671,478.136677356297,529.028297828762,735.437927387563,539.149426092429
258,4.3,5.4,5.6,737.113488294441,478.139433775437,529.013599784314,738.76773698934,530.020211554076
259,4.31666666666667,5.4,5.6,737.113350896741,478.142184219279,528.998927617872,737.363823162596,516.945299728661
260,4.33333333333333,5.4,5.6,737.113213837997,478.144928699678,528.98428128441,737.855258966132,532.272416255833
261,4.35,5.4,5.6,737.113077115724,478.147667228513,528.969660738936,735.878267075284,516.378784261413
262,4.36666666666667,5.4,5.6,737.112940727519,478.150399817686,528.955065936482,736.675135080879,518.634285044088
263,4.38333333333333,5.4,5.6,737.112804671058,478.153126479124,528.940496832121,736.906481061544,521.919382756436
264,4.4,5.4,5.6,737.112668944095,478.155847224769,528.925953380958,737.42632398698,515.722265590707
265,4.41666666666667,5.4,5.6,737.112533544456,478.158562066584,528.911435538134,735.873244626651,526.001270042328
266,4.43333333333333,5.4,5.6,737.112398470036,478.161271016544,528.896943258832,737.462351140237,519.231479535571
267,4.45,5.4,5.6,737.112263718799,478.163974086639,528.882476498278,736.21233109664,525.814207380434
268,4.46666666666667,5.4,5.6,737.11212928877,478.166671288871,528.868035211737,737.161242304701,523.901627825378
269,4.48333333333333,5.4,5.6,737.111995178037,478.169362635253,528.853619354522,737.596043247424,524.452526148213
270,4.5,5.4,5.6,737.111861384746,478.172048137802,528.839228881989,737.354539880392,523.431220192413
271,4.51666666666667,5.4,5.6,737.111727907098,478.174727808546,528.824863749546,737.915041967242,542.070474739344
272,4.53333333333333,5.4,5.6,737.111594743347,478.177401659516,528.810523912645,737.858103959575,535.36520194939
273,4.55,5.4,5.6,737.1114618918,478.180069702748,528.796209326793,736.628488351244,529.430644272059
274,4.56666666666667,5.4,5.6,737.11132935081,478.182731950279,528.781919947546,737.302065019626,513.026912062746
275,4.58333333333333,5.4,5.6,737.111197118778,478.185388414148,528.767655730513,736.410468786426,511.306528649417
276,4.6,2.7,5.6,737.111065194151,478.188039106395,528.753416631358,736.130298111278,507.65197569006
277,4.61666666666667,2.7,5.6,737.60022470543,478.624204873471,528.305681771386,738.286445548083,556.285484135772
278,4.63333333333333,2.7,5.6,738.07522989245,479.052776046468,527.865560787314,738.075266880464,538.308866259641
279,4.65,2.7,5.6,738.536365886508,479.473863965447,527.432942306946,738.495616051868,530.192917921569
280,4.66666666666667,2.7,5.6,738.98391826729,479.887582832812,527.007712095793,739.659974698405,516.544369562407
281,4.68333333333333,2.7,5.6,739.418172733863,480.29404943734,526.589753333051,739.859353837341,514.27779982862
282,4.7,2.7,5.6,739.839414781638,480.693382881399,526.178946884376,740.099264052653,532.060595162496
283,4.71666666666667,2.7,5.6,740.247929386487,481.085704312313,525.775171570518,741.17561579789,542.584173570304
284,4.73333333333333,2.7,5.6,740.644000697123,481.471136658791,525.378304430902,741.333904475373,507.191793508317
285,4.75,2.7,5.6,741.027911736701,481.849804373221,524.988220981323,741.205816073439,520.161693336424
286,4.76666666666667,2.7,5.6,741.399944114559,482.221833180588,524.604795465032,740.88769617605,523.69949860366
287,4.78333333333333,2.7,5.6,741.760377748851,482.587349834683,524.227901096528,741.276924946672,502.833851409069
288,4.8,2.7,5.6,742.109490600767,482.946481882176,523.857410297483,742.994030188701,532.89238875411
289,4.81666666666667,2.7,5.6,742.4475584209,483.299357435079,523.493194924281,741.251580272501,519.039758150809
290,4.83333333333333,2.7,5.6,742.774854508251,483.646104952022,523.135126486739,742.756703751267,543.671948690767
291,4.85,2.7,5.6,743.091649482236,483.986853028714,522.783076357648,741.645604876977,518.584823973458
292,4.86666666666667,2.7,5.6,743.398211067995,484.321730197865,522.436915972854,744.155420594718,526.831531539412
293,4.88333333333333,2.7,5.6,743.69480389519,484.650864738807,522.096517021627,744.334197391566,509.826838496003
294,4.9,2.7,5.6,743.981689310424,484.974384496961,521.761751627206,743.982551576368,515.050714676867
295,4.91666666666667,2.7,5.6,744.259125203295,485.292416713257,521.432492517369,744.20656399113,508.880409109287
296,4.93333333333333,2.7,5.6,744.527365846078,485.60508786354,521.108613185035,742.682543176916,525.324871706171
297,4.95,2.7,5.6,744.786661746899,485.912523507952,520.789988038876,745.217891610324,534.771744315591
298,4.96666666666667,2.7,5.6,745.037259516275,486.214848150236,520.476492544013,743.41047280566,514.100780021847
299,4.98333333333333,2.7,5.6,745.279401746768,486.512185106854,520.168003352906,743.558495759238,524.854675058283
300,5,2.7,5.6,745.513326905496,486.804656385762,519.864398426564,745.572637718537,514.447545385717
301,5.01666666666667,2.7,5.6,745.739269239186,487.092382574689,519.565557146283,745.035496349376,520.662193987162
302,5.03333333333333,2.7,5.6,745.957458691412,487.375482738679,519.271360416092,746.262784732508,532.119091224524
303,5.05,2.7,5.6,746.168120831634,487.654074326667,518.98169075618,746.670438363452,520.273528203904
304,5.06666666666667,2.7,5.6,746.371476795611,487.928273086826,518.696432387549,747.007914344153,507.560734302944
305,5.08333333333333,2.7,5.6,746.567743236758,488.198192990401,518.415471308184,746.054903165724,509.21018252253
306,5.1,2.7,5.6,746.757132287986,488.463946163705,518.138695361048,747.090570484376,516.314245335615
307,5.11666666666667,2.7,5.6,746.939851533537,488.725642828001,517.865994294212,747.01452147947,515.807476966514
308,5.13333333333333,2.7,5.6,747.116103990337,488.983391246892,517.597259813449,747.729047929202,508.298404482322
309,5.15,2.7,5.6,747.286088098385,489.237297680932,517.332385627642,747.68391665169,519.272718422358
310,5.16666666666667,2.7,5.6,747.449997719655,489.487466349073,517.07126748732,748.116230931736,530.67378331497
311,5.18333333333333,2.7,5.6,747.608022145026,489.733999396642,516.813803216691,747.510124247026,514.116245069603
312,5.2,2.7,5.6,747.76034610876,489.976996869465,516.559892739512,747.651122628295,514.36281039539
313,5.21666666666667,2.7,5.6,747.907149809999,490.216556693834,516.309438099128,748.654917676736,492.665092828299
314,5.23333333333333,2.7,5.6,748.048608940844,490.452774661937,516.062343473038,746.472856587731,507.744072727907
315,5.25,2.7,5.6,748.184894720497,490.685744422443,515.818515182307,747.810491607605,500.854767629555
316,5.26666666666667,2.7,5.6,748.316173935033,490.915557475898,515.577861696178,747.373392853275,511.429701544614
317,5.28333333333333,2.7,5.6,748.442608982337,491.142303174612,515.340293632177,748.158731058728,520.985091032443
318,5.3,2.7,5.6,748.564357921779,491.366068726721,515.105723752057,749.045677934219,531.465635769752
319,5.31666666666667,2.7,5.6,748.681574528176,491.586939204118,514.874066953862,749.294264072914,534.189897367356
320,5.33333333333333,2.7,5.6,748.794408349682,491.804997553959,514.645240260424,748.041320166814,513.389903233169
321,5.35,2.7,5.6,748.903004769163,492.020324613452,514.419162804574,748.553470893952,510.980255757423
322,5.36666666666667,2.7,5.6,749.00750506872,492.232999127664,514.195755811332,749.109177525324,522.9758806933
323,5.38333333333333,2.7,5.6,749.108046496985,492.443097770071,513.974942577359,748.891483872176,519.239252265329
324,5.4,2.7,5.6,749.204762338857,492.650695165613,513.756648447905,749.428711706861,521.975445906473
325,5.41666666666667,2.7,5.6,749.297781987349,492.85586391599,513.540800791506,749.594530747023,521.89951773815
326,5.43333333333333,2.7,5.6,749.387231017251,493.058674627003,513.327328972648,748.697199540517,497.428851410132
327,5.45,2.7,5.6,749.473231260309,493.259195937694,513.116164322624,749.342023202989,518.919673248833
328,5.46666666666667,2.7,5.6,749.555900881663,493.457494551094,512.907240108791,747.973886689085,511.924111013926
329,5.48333333333333,2.7,5.6,749.635354457276,493.65363526638,512.700491502404,750.485212846481,504.535380973869
330,5.5,2.7,5.6,749.711703052126,493.847681012265,512.495855545238,749.244917707469,505.046640485877
331,5.51666666666667,2.7,5.6,749.785054298939,494.039692881437,512.293271115137,748.89179761823,526.056127378742
332,5.53333333333333,2.7,5.6,749.855512477247,494.229730165899,512.092678890681,749.667085522147,503.396096951057
333,5.55,2.7,5.6,749.923178592591,494.417850393054,511.894021315098,748.863122619034,498.610592205781
334,5.56666666666667,2.7,5.6,749.988150455691,494.60410936239,511.697242559582,749.972674103356,514.002975012517
335,5.58333333333333,2.7,5.6,750.050522761408,494.788561182644,511.502288486125,749.634509333984,533.097977269436
336,5.6,2.7,5.6,750.110387167366,494.971258309317,511.309106610004,751.72629896958,511.583561224852
337,5.61666666666667,2.7,5.6,750.167832372077,495.152251582428,511.117646062027,751.012573689475,514.428782007318
338,5.63333333333333,2.7,5.6,750.222944192471,495.33159026441,510.927857550637,748.370254407108,500.851082508495
339,5.65,2.7,5.6,750.275805640683,495.509322078043,510.73969332398,750.603270224025,528.720772646088
340,5.66666666666667,2.7,5.6,750.326497000023,495.685493244341,510.553107132011,749.289078696171,511.895480119107
341,5.68333333333333,2.7,5.6,750.375095900029,495.860148520323,510.368054188736,750.185844956558,516.06134168409
342,5.7,2.7,5.6,750.421677390507,496.033331236569,510.184491134641,750.54366521291,499.959278415309
343,5.71666666666667,2.7,5.6,750.466314014507,496.205083334531,510.002375999394,751.021132663883,519.174795867082
344,5.73333333333333,2.7,5.6,750.509075880154,496.3754454035,509.821668164868,750.306475043697,514.001093353589
345,5.75,2.7,5.6,750.550030731278,496.54445671721,509.642328328544,751.719645440015,497.226876676163
346,5.76666666666667,2.7,5.6,750.589244016809,496.712155270004,509.46431846734,750.232388650189,509.891127431205
347,5.78333333333333,2.7,5.6,750.626778958875,496.878577812539,509.28760180191,750.86979295253,504.448172798091
348,5.8,2.7,5.6,750.662696619577,497.043759886972,509.112142761453,751.155929337083,510.285465654942
349,5.81666666666667,2.7,5.6,750.69705596642,497.207735861616,508.937906949062,750.760265902219,506.24696942119
350,5.83333333333333,2.7,5.6,750.729913936357,497.370538965011,508.764861107649,751.38358090311,506.725317336722
351,5.85,2.7,5.6,750.761325498448,497.532201319411,508.592973086461,751.00114964673,497.49948194287
352,5.86666666666667,2.7,5.6,750.791343715102,497.692753973642,508.422211808221,750.209507246823,504.950056572176
353,5.88333333333333,2.7,5.6,750.820019801912,497.852226935328,508.252547236898,749.480432775184,516.48504564999
354,5.9,2.7,5.6,750.847403186058,498.010649202465,508.08395034614,752.226479153887,526.821740295786
355,5.91666666666667,2.7,5.6,750.873541563291,498.168048794327,507.916393088365,750.424980237421,495.452409081301
356,5.93333333333333,2.7,5.6,750.898480953497,498.324452781699,507.749848364521,750.975173867452,533.283251659127
357,5.95,2.7,5.6,750.922265754842,498.479887316433,507.584289994543,751.34013563556,523.974367311869
358,5.96666666666667,2.7,5.6,750.944938796508,498.634377660313,507.419692688478,751.029227768084,509.229463240814
359,5.98333333333333,2.7,5.6,750.966541390037,498.787948213234,507.25603201831,750.295234540141,504.021073893373
360,6,2.7,5.6,750.987113379286,498.940622540688,507.093284390469,750.640069159106,499.589737523096
361,6.01666666666667,2.7,5.6,751.006693189008,499.092423400569,506.931427019037,750.914024848168,515.875383002892
362,6.03333333333333,2.7,5.6,751.02531787209,499.243372769283,506.770437899624,752.122705072786,499.310377469271
363,6.05,2.7,5.6,751.043023155449,499.393491867182,506.610295783943,750.404297913464,501.649672437682
364,6.06666666666667,2.7,5.6,751.059843484614,499.542801183318,506.450980155055,751.642067487341,515.941028203437
365,6.08333333333333,2.7,5.6,751.075812067017,499.691320499529,506.29247120328,751.304810436859,510.974511719719
366,6.1,2.7,5.6,751.090960914008,499.839068913856,506.134749802781,750.917436762748,515.765816481986
367,6.11666666666667,2.7,5.6,751.105320881625,499.986064863312,505.977797488797,750.321047104123,511.398619468925
368,6.13333333333333,2.7,5.6,751.118921710138,500.132326146,505.821596435523,750.908089121806,501.515961200083
369,6.15,2.7,5.6,751.131792062393,500.277869942594,505.666129434627,751.067467872808,500.147401784681
370,6.16666666666667,2.7,5.6,751.143959560973,500.422712837196,505.511379874396,750.053668415704,514.064367857948
371,6.18333333333333,2.7,5.6,751.155450824227,500.566870837578,505.357331719494,751.298050049921,498.148749358055
372,6.2,2.7,5.6,751.166291501151,500.71035939482,505.203969491324,750.556149890144,517.948687611709
373,6.21666666666667,2.7,5.6,751.176506305191,500.853193422347,505.051278248986,751.106579788925,513.543417414343
374,6.23333333333333,2.7,5.6,751.186119046961,500.995387314402,504.899243570812,751.435589345949,507.989372423607
375,6.25,2.7,5.6,751.195152665924,501.136954963936,504.74785153647,750.523899353962,504.782500006877
376,6.26666666666667,2.7,5.6,751.203629261041,501.277909779948,504.597088709623,750.989743041026,508.523817303083
377,6.28333333333333,2.7,5.6,751.211570120437,501.418264704283,504.446942121139,751.471316686528,542.323461890098
378,6.3,2.7,5.6,751.2189957501,501.558032227895,504.297399252818,749.856788266362,503.089829497439
379,6.31666666666667,2.7,5.6,751.225925901622,501.697224406598,504.148448021647,751.99462002554,487.43062916041
380,6.33333333333333,2.7,5.6,751.232379599044,501.835852876305,504.00007676456,753.031329768589,524.568275417766
381,6.35,2.7,5.6,751.238375164793,501.97392886778,503.852274223684,751.950250342774,510.402020835463
382,6.36666666666667,2.7,5.6,751.243930244764,502.11146322091,503.705029532068,751.009627424467,496.746458700064
383,6.38333333333333,2.7,5.6,751.249061832552,502.248466398504,503.558332199886,751.567099861007,531.668509155311
384,6.4,2.7,5.6,751.253786292869,502.384948499646,503.41217210108,750.485085587212,509.329379619886
385,6.41666666666667,2.7,5.6,751.258119384171,502.520919272599,503.26653946046,752.651495555859,506.426287031417
386,6.43333333333333,2.7,5.6,751.262076280511,502.656388127282,503.121424841221,751.960078947798,494.76738244798
387,6.45,2.7,5.6,751.265671592638,502.791364147331,502.976819132891,751.84988216135,491.539469900884
388,6.46666666666667,2.7,5.6,751.268919388391,502.92585610175,502.832713539672,750.61902068602,483.839946832651
389,6.48333333333333,2.7,5.6,751.271833212367,503.05987245617,502.689099569183,751.509235470079,498.146943753634
390,6.5,2.7,5.6,751.274426104923,503.193421383725,502.545969021586,750.860171745564,491.235648932083
391,6.51666666666667,2.7,5.6,751.276710620516,503.326510775563,502.403313979072,751.045629991955,509.360205310069
392,6.53333333333333,2.7,5.6,751.2786988454,503.459148250984,502.261126795727,750.855751487251,498.849800051092
393,6.55,2.7,5.6,751.280402414705,503.591341167241,502.119400087725,750.519308071908,521.118369540789
394,6.56666666666667,2.7,5.6,751.281832528922,503.723096628999,501.978126723876,750.607543303462,518.201781648246
395,6.58333333333333,2.7,5.6,751.282999969805,503.854421497462,501.837299816491,751.127256147936,503.598770620077
396,6.6,2.7,5.6,751.283915115707,503.98532239919,501.696912712573,750.023357965251,498.660030418787
397,6.61666666666667,2.7,5.6,751.284587956381,504.115805734601,501.556958985309,751.735427583659,513.931219762674
398,6.63333333333333,2.7,5.6,751.285028107255,504.245877686183,501.417432425861,751.197621776618,489.103940456927
399,6.65,2.7,5.6,751.285244823193,504.375544226408,501.278327035448,751.804021790757,508.513851036307
400,6.66666666666667,2.7,5.6,751.285247011773,504.504811125379,501.139637017707,751.485326303927,493.953363447404
401,6.68333333333333,2.7,5.6,751.285043246088,504.633683958196,501.001356771319,751.65180424118,496.701890966503
402,6.7,2.7,5.6,751.284641777085,504.762168112066,500.863480882899,750.184165978378,493.648322814566
403,6.71666666666667,2.7,5.6,751.284050545466,504.890268793166,500.726004120141,750.527014371289,506.908259758244
404,6.73333333333333,2.7,5.6,751.283277193157,505.017991033248,500.588921425203,750.951606895184,492.232197069584
405,6.75,2.7,5.6,751.282329074369,505.145339696025,500.45222790833,751.363695749134,489.029580589349
406,6.76666666666667,2.7,5.6,751.281213266256,505.272319483311,500.315918841703,752.118735713661,506.254905797525
407,6.78333333333333,2.7,5.6,751.279936579181,505.398934940961,500.179989653511,751.064784002908,495.632363935147
408,6.8,2.7,5.6,751.278505566627,505.525190464578,500.044435922237,752.214576199488,503.927882072705
409,6.81666666666667,2.7,5.6,751.27692653473,505.651090305027,499.909253371143,751.629691745017,496.129962912642
410,6.83333333333333,2.7,5.6,751.275205551478,505.776638573747,499.774437862962,752.146400181086,502.669305066593
411,6.85,2.7,5.6,751.273348455564,505.901839247873,499.639985394775,751.367543180052,472.097799310034
412,6.86666666666667,2.7,5.6,751.271360864932,506.026696175166,499.505892093077,750.784003445652,504.509272828644
413,6.88333333333333,2.7,5.6,751.269248184993,506.151213078772,499.372154209024,750.170050073881,519.279398731408
414,6.9,2.7,5.6,751.267015616551,506.275393561805,499.238768113845,751.382388451512,510.400735623804
415,6.91666666666667,2.7,5.6,751.26466816344,506.399241111762,499.105730294429,751.872033278883,508.888759557813
416,6.93333333333333,2.7,5.6,751.262210639872,506.522759104782,498.973037349065,751.045110246793,496.398323330967
417,6.95,2.7,5.6,751.259647677523,506.645950809743,498.840685983347,750.858384156489,500.784605360318
418,6.96666666666667,2.7,5.6,751.256983732358,506.768819392216,498.708673006219,751.02797150542,501.331913138995
419,6.98333333333333,2.7,5.6,751.254223091199,506.891367918267,498.57699532617,750.440550861467,499.612254906127
420,7,2.7,5.6,751.251369878056,507.013599358131,498.445649947566,750.885556595092,489.526418283135
421,7.01666666666667,2.7,5.6,751.248428060228,507.135516589737,498.314633967118,751.114319457768,494.531445493105
422,7.03333333333333,2.7,5.6,751.245401454166,507.257122402116,498.183944570478,751.279415554605,496.306860645774
423,7.05,2.7,5.6,751.242293731132,507.378419498676,498.053579028963,751.194966656076,492.891361303737
424,7.06666666666667,2.7,5.6,751.239108422646,507.499410500363,497.923534696397,751.692719136642,506.911160977023
425,7.08333333333333,2.7,5.6,751.235848925723,507.620097948697,497.793809006068,751.316962654504,525.055680932586
426,7.1,2.7,5.6,751.232518507929,507.740484308707,497.6643994678,752.578517972037,483.4517896069
427,7.11666666666667,2.7,5.6,751.229120312238,507.860571971745,497.535303665134,751.460641992859,498.913678093441
428,7.13333333333333,2.7,5.6,751.225657361716,507.98036325821,497.406519252607,752.564591740335,481.915367145508
429,7.15,2.7,5.6,751.222132564025,508.099860420159,497.27804395314,750.685576426184,511.266982124321
430,7.16666666666667,2.7,5.6,751.218548715768,508.219065643828,497.149875555516,751.609246617778,512.29232506572
431,7.18333333333333,2.7,5.6,751.21490850666,508.337981052059,497.022011911951,751.021802367274,479.166300410306
432,7.2,2.7,5.6,751.21121452356,508.456608706639,496.894450935765,751.656520265096,517.769622233697
433,7.21666666666667,2.7,5.6,751.207469254336,508.574950610542,496.767190599125,751.648165904707,485.117529222093
434,7.23333333333333,2.7,5.6,751.203675091596,508.693008710104,496.64022893088,749.581647054937,499.07626472261
435,7.25,2.7,5.6,751.199834336278,508.810784897102,496.513564014479,750.215168319334,508.316063649166
436,7.26666666666667,2.7,5.6,751.195949201105,508.928281010769,496.38719398596,750.126717111657,497.968001187512
437,7.28333333333333,2.7,5.6,751.19202181391,509.045498839721,496.261117032014,751.490190430714,520.916567863772
438,7.3,2.7,5.6,751.188054220839,509.162440123822,496.135331388127,752.278943571228,525.697802993503
439,7.31666666666667,2.7,5.6,751.184048389434,509.279106555977,496.009835336785,750.941552231675,497.495367701304
440,7.33333333333333,2.7,5.6,751.180006211597,509.395499783858,495.88462720575,751.782749881041,475.402736127823
441,7.35,2.7,5.6,751.17592950645,509.51162141156,495.759705366398,751.580720263266,491.839680617567
442,7.36666666666667,2.7,5.6,751.171820023078,509.627473001209,495.635068232119,750.391508849414,486.526366707806
443,7.38333333333333,2.7,5.6,751.167679443181,509.743056074495,495.510714256778,751.462599954062,487.297263121821
444,7.4,2.7,5.6,751.163509383617,509.858372114156,495.386641933231,750.605603487515,483.275199625104
445,7.41666666666667,2.7,5.6,751.159311398852,509.973422565408,495.2628497919,752.284381436163,496.102598525095
446,7.43333333333333,2.7,5.6,751.155086983322,510.088208837313,495.1393363994,751.1309226335,517.76453890168
447,7.45,2.7,5.6,751.150837573704,510.202732304106,495.016100357213,752.364749319405,487.327899354956
448,7.46666666666667,2.7,5.6,751.146564551097,510.316994306465,494.893140300418,750.831171151064,491.880402093315
449,7.48333333333333,2.7,5.6,751.142269243128,510.430996152738,494.770454896467,751.579628801233,507.298396444969
450,7.5,2.7,5.6,751.137952925979,510.544739120123,494.648042844001,751.091361836496,507.673744881529
451,7.51666666666667,2.7,5.6,751.133616826328,510.658224455798,494.525902871719,749.63332330023,499.740613072721
452,7.53333333333333,2.7,5.6,751.129262123231,510.771453378023,494.404033737282,750.400520531103,505.423450799027
453,7.55,2.7,5.6,751.124889949919,510.884427077181,494.282434226265,751.579373333159,503.634031692703
454,7.56666666666667,2.7,5.6,751.12050139554,510.997146716801,494.161103151139,751.079775887089,490.061023535954
455,7.58333333333333,2.7,5.6,751.116097506829,511.109613434523,494.040039350304,750.285998361009,498.64635046139
456,7.6,2.7,5.6,751.111679289715,511.221828343044,493.919241687142,750.646906413876,490.706579902096
457,7.61666666666667,2.7,5.6,751.107247710865,511.333792531013,493.798709049123,751.292389874363,484.134121144328
458,7.63333333333333,2.7,5.6,751.10280369918,511.445507063908,493.678440346927,750.36598359632,500.495606600828
459,7.65,2.7,5.6,751.098348147224,511.556972984866,493.558434513618,751.821761214034,494.282886079117
460,7.66666666666667,2.7,5.6,751.093881912603,511.668191315491,493.438690503829,750.618475458612,491.429015852233
461,7.68333333333333,2.7,5.6,751.089405819291,511.779163056627,493.319207292994,752.431581883716,496.45236015972
462,7.7,2.7,5.6,751.084920658909,511.889889189105,493.1999838766,750.28365990086,503.807824867732
463,7.71666666666667,2.7,5.6,751.080427191952,512.000370674462,493.081019269467,751.228225759456,497.301136549952
464,7.73333333333333,2.7,5.6,751.075926148974,512.110608455627,492.962312505062,749.947324440142,495.051794262102
465,7.75,2.7,5.6,751.071418231722,512.220603457591,492.84386263483,750.534483936757,495.84875306745
466,7.76666666666667,2.7,5.6,751.066904114232,512.330356588043,492.725668727556,750.626712380494,493.275774876765
467,7.78333333333333,2.7,5.6,751.062384443886,512.439868737991,492.60772986875,751.360176008031,484.28996240884
468,7.8,2.7,5.6,751.057859842418,512.549140782345,492.49004516005,751.756922765292,500.940080729777
469,7.81666666666667,2.7,5.6,751.053330906895,512.658173580499,492.37261371866,751.276291494851,507.50427437233
470,7.83333333333333,2.7,5.6,751.048798210656,512.766967976871,492.255434676789,750.771979781952,486.519215886865
471,7.85,2.7,5.6,751.04426230421,512.875524801436,492.138507181135,751.649354777215,512.842632717312
472,7.86666666666667,2.7,5.6,751.039723716108,512.983844870233,492.021830392367,751.632497864289,490.12893173482
473,7.88333333333333,2.7,5.6,751.03518295378,513.091928985854,491.905403484642,751.124375272992,489.287524591537
474,7.9,2.7,5.6,751.030640504336,513.199777937917,491.789225645129,751.454506245584,482.148994570584
475,7.91666666666667,2.7,5.6,751.026096835341,513.307392503515,491.673296073559,751.332391474992,483.163598142309
476,7.93333333333333,2.7,5.6,751.021552395562,513.414773447659,491.557613981787,750.289226678115,481.322665800947
477,7.95,2.7,5.6,751.017007615682,513.52192152369,491.442178593373,751.580607313511,495.243123171872
478,7.96666666666667,2.7,5.6,751.012462908989,513.628837473689,491.326989143178,750.524819545058,508.479051861984
479,7.98333333333333,2.7,5.6,751.007918672041,513.735522028865,491.212044876974,750.55981115886,496.877075374239
480,8,2.7,5.6,751.003375285301,513.841975909925,491.097345051071,751.13466982747,500.271477765442
481,8.01666666666667,2.7,5.6,750.998833113754,513.948199827441,490.982888931955,750.770665539116,505.394320578728
482,8.03333333333333,2.7,5.6,750.994292507497,514.054194482189,490.868675795941,750.896481805633,464.023686629616
483,8.05,2.7,5.6,750.989753802305,514.159960565489,490.754704928844,751.431509196327,488.955117808741
484,8.06666666666667,2.7,5.6,750.98521732018,514.265498759525,490.640975625651,751.761967246135,494.432360103673
485,8.08333333333333,2.7,5.6,750.980683369879,514.37080973765,490.527487190217,750.833798064481,498.230792201981
486,8.1,2.7,5.6,750.976152247412,514.475894164688,490.414238934966,751.219289445031,476.400132334988
487,8.11666666666667,2.7,5.6,750.97162423654,514.580752697218,490.301230180602,750.794804520134,479.498197638871
488,8.13333333333333,2.7,5.6,750.967099609233,514.685385983852,490.188460255839,751.137460504003,498.680400720925
489,8.15,2.7,5.6,750.962578626128,514.789794665495,490.07592849713,751.289057071507,488.823952427334
490,8.16666666666667,2.7,5.6,750.958061536961,514.893979375605,489.963634248416,750.500347017725,495.903819644229
491,8.18333333333333,2.7,5.6,750.953548580979,514.997940740438,489.851576860876,751.157477476867,479.534251658193
492,8.2,2.7,5.6,750.949039987349,515.101679379284,489.739755692696,751.39505769544,472.192717961882
493,8.21666666666667,2.7,5.6,750.944535975537,515.20519590469,489.628170108836,751.013028475356,497.803461136086
494,8.23333333333333,2.7,5.6,750.940036755687,515.308490922688,489.516819480815,752.223579068233,502.332938290106
495,8.25,2.7,5.6,750.935542528969,515.411565032999,489.405703186498,750.483992904973,506.933997685488
496,8.26666666666667,2.7,5.6,750.931053487932,515.514418829239,489.294820609892,750.384155137333,472.83910427404
497,8.28333333333333,2.7,5.6,750.926569816829,515.617052899112,489.184171140954,749.628159371489,474.826376314259
498,8.3,2.7,5.6,750.922091691934,515.719467824598,489.0737541754,751.597669766032,473.244642786789
499,8.31666666666667,2.7,5.6,750.917619281855,515.821664182139,488.963569114526,751.560994536141,488.516107696583
500,8.33333333333333,2.7,5.6,750.913152747822,515.923642542806,488.853615365032,750.853872261241,482.243066585753
501,8.35,2.7,5.6,750.908692243972,516.025403472471,488.743892338854,751.57536142809,502.857914985107
502,8.36666666666667,2.7,5.6,750.904237917621,516.126947531967,488.634399453006,751.040545857555,473.006984357147
503,8.38333333333333,2.7,5.6,750.899789909531,516.228275277244,488.525136129421,751.115556189615,469.812305500202
504,8.4,2.7,5.6,750.895348354152,516.329387259519,488.416101794802,750.979153334182,490.62107409336
505,8.41666666666667,2.7,5.6,750.890913379877,516.430284025418,488.307295880479,751.21735790402,501.119368360645
506,8.43333333333333,2.7,5.6,750.886485109262,516.530966117117,488.198717822271,750.961918642488,479.576397746465
507,8.45,2.7,5.6,750.882063659266,516.631434072471,488.09036706035,752.950266398304,474.497431885514
508,8.46666666666667,2.7,5.6,750.877649141451,516.731688425151,487.982243039115,750.011983689047,486.378424305924
509,8.48333333333333,2.7,5.6,750.873241662202,516.831729704757,487.874345207068,749.497351742846,470.298907882622
510,8.5,2.7,5.6,750.868841322919,516.931558436946,487.766673016693,750.022455913574,487.952951293202
511,8.51666666666667,2.7,5.6,750.864448220215,517.03117514354,487.659225924343,750.053187375685,496.556105161087
512,8.53333333333333,2.7,5.6,750.860062446098,517.130580342641,487.552003390129,750.538324348114,489.890513251746
513,8.55,2.7,5.6,750.855684088147,517.229774548734,487.445004877814,750.730679438467,466.939714638252
514,8.56666666666667,2.7,5.6,750.851313229687,517.328758272792,487.338229854712,750.689161328148,481.572763494084
515,8.58333333333333,2.7,5.6,750.846949949951,517.427532022372,487.231677791586,751.248620101255,483.987850906272
516,8.6,2.7,5.6,750.842594324242,517.526096301711,487.125348162558,751.131429847493,506.60322024847
517,8.61666666666667,2.7,5.6,750.838246424078,517.624451611817,487.019240445012,751.395658330717,496.844748270525
518,8.63333333333333,2.7,5.6,750.833906317349,517.722598450557,486.91335411951,752.153372194623,486.300307230589
519,8.65,2.7,5.6,750.829574068446,517.820537312742,486.807688669708,751.737086481833,500.870237385596
520,8.66666666666667,2.7,5.6,750.825249738407,517.918268690209,486.70224358227,749.873073708791,475.48178057035
521,8.68333333333333,2.7,5.6,750.820933385043,518.015793071898,486.597018346794,749.092849133961,482.856632803793
522,8.7,2.7,5.6,750.816625063061,518.113110943927,486.492012455734,751.48585821154,501.662919321966
523,8.71666666666667,2.7,5.6,750.81232482419,518.210222789667,486.387225404327,749.450280920859,502.522818057306
524,8.73333333333333,2.7,5.6,750.808032717292,518.307129089813,486.282656690525,750.857566345578,494.126894871856
525,8.75,2.7,5.6,750.803748788476,518.403830322446,486.178305814925,750.830074566968,491.448985215167
526,8.76666666666667,2.7,5.6,750.799473081209,518.500326963104,486.074172280704,752.452031795209,479.779177541653
527,8.78333333333333,2.7,5.6,750.795205636411,518.596619484843,485.970255593558,750.743848659927,493.970477839115
528,8.8,2.7,5.6,750.790946492563,518.692708358296,485.866555261642,750.414512778619,476.972170885929
529,8.81666666666667,2.7,5.6,750.786695685796,518.78859405173,485.763070795507,750.961666462848,491.933423453422
530,8.83333333333333,2.7,5.6,750.782453249987,518.884277031107,485.659801708052,750.964840450092,488.686778157662
531,8.85,2.7,5.6,750.778219216845,518.979757760133,485.55674751446,750.830192762232,497.792896843848
532,8.86666666666667,2.7,5.6,750.773993615996,519.075036700312,485.453907732156,750.322426877517,480.880087070716
533,8.88333333333333,2.7,5.6,750.76977647507,519.170114310996,485.351281880752,749.862612186972,492.18342431442
534,8.9,2.7,5.6,750.765567819772,519.264991049434,485.248869481995,751.000411087484,493.767602076119
535,8.91666666666667,2.7,5.6,750.761367673962,519.359667370815,485.146670059728,749.764958700389,475.498099854286
536,8.93333333333333,2.7,5.6,750.757176059729,519.454143728317,485.044683139841,749.991295276427,486.722752767382
537,8.95,2.7,5.6,750.752992997455,519.54842057315,484.942908250228,751.740755184173,502.097415257349
538,8.96666666666667,2.7,5.6,750.748818505891,519.642498354595,484.841344920745,750.437992335178,486.048947412521
539,8.98333333333333,2.7,5.6,750.744652602213,519.736377520043,484.739992683171,750.640533884447,481.425360886135
540,9,2.7,5.6,750.740495302093,519.83005851504,484.638851071168,751.408163470134,489.543375273065
541,9.01666666666667,2.7,5.6,750.736346619749,519.923541783318,484.537919620247,750.513664253583,481.58333669995
542,9.03333333333333,2.7,5.6,750.732206568014,520.016827766833,484.437197867726,751.495995926395,489.196560226064
543,9.05,2.7,5.6,750.728075158382,520.1099169058,484.336685352701,750.472036207479,482.889307891698
544,9.06666666666667,2.7,5.6,750.723952401063,520.202809638727,484.23638161601,751.475451384347,484.039536428616
545,9.08333333333333,2.7,5.6,750.719838305042,520.295506402445,484.136286200201,751.186804567061,489.085164624778
546,9.1,2.7,5.6,750.715732878116,520.388007632141,484.0363986495,750.557675686797,498.667666736536
547,9.11666666666667,2.7,5.6,750.711636126953,520.480313761389,483.936718509783,750.06928872415,488.789851363452
548,9.13333333333333,2.7,5.6,750.707548057129,520.572425222174,483.837245328546,749.933561697536,501.540885805222
549,9.15,2.7,5.6,750.703468673175,520.664342444925,483.737978654877,750.50307761419,461.953371195319
550,9.16666666666667,2.7,5.6,750.699397978623,520.75606585854,483.63891803943,750.374297092766,478.813899884511
551,9.18333333333333,2.7,5.6,750.695335976041,520.847595890411,483.540063034396,750.392099634462,486.074630020782
552,9.2,2.7,5.6,750.691282667073,520.938932966449,483.441413193482,751.421073231596,474.47165556245
553,9.21666666666667,2.7,5.6,750.687238052479,521.030077511113,483.342968071886,750.466346771624,469.639209616882
554,9.23333333333333,2.7,5.6,750.683202132169,521.121029947424,483.24472722627,751.531811883961,489.871683999223
555,9.25,2.7,5.6,750.679174905238,521.211790696996,483.146690214741,750.284712778048,489.727104364557
556,9.26666666666667,2.7,5.6,750.675156370002,521.302360180054,483.048856596831,751.396800140184,486.156810204698
557,9.28333333333333,2.7,5.6,750.671146524026,521.392738815454,482.951225933469,750.283636664161,487.196921087706
558,9.3,2.7,5.6,750.667145364158,521.482927020705,482.853797786968,750.798166087782,473.503952863276
559,9.31666666666667,2.7,5.6,750.663152886555,521.572925211991,482.756571721003,751.383440351633,477.41139853909
560,9.33333333333333,2.7,5.6,750.659169086717,521.662733804183,482.65954730059,750.352001658686,481.513891985407
561,9.35,2.7,5.6,750.655193959508,521.752353210861,482.56272409207,750.329997235,475.175439177575
562,9.36666666666667,2.7,5.6,750.65122749919,521.841783844335,482.466101663092,752.13774333245,486.030502281872
563,9.38333333333333,2.7,5.6,750.647269699442,521.931026115656,482.369679582591,751.352906876107,507.772193318104
564,9.4,2.7,5.6,750.643320553384,522.020080434636,482.273457420781,750.322773701338,477.094299504416
565,9.41666666666667,2.7,5.6,750.639380053609,522.108947209863,482.177434749129,751.120894080732,489.131028489095
566,9.43333333333333,2.7,5.6,750.635448192193,522.197626848715,482.081611140345,750.368271576737,470.97188967725
567,9.45,2.7,5.6,750.63152496073,522.286119757379,481.985986168366,751.155291645087,496.372802549856
568,9.46666666666667,2.7,5.6,750.62761035034,522.374426340858,481.890559408344,751.67817035912,471.481991986742
569,9.48333333333333,2.7,5.6,750.623704351701,522.462547002994,481.795330436626,749.433153725602,484.036935994289
570,9.5,2.7,5.6,750.619806955057,522.550482146472,481.700298830748,751.383215932257,475.056606194175
571,9.51666666666667,2.7,5.6,750.615918150247,522.638232172842,481.605464169416,751.697730243498,487.104512183145
572,9.53333333333333,2.7,5.6,750.612037926714,522.725797482524,481.510826032497,750.647261648584,481.63276983012
573,9.55,2.7,5.6,750.608166273528,522.813178474822,481.416384001006,751.903888752436,480.943946154902
574,9.56666666666667,2.7,5.6,750.604303179402,522.900375547941,481.322137657094,750.719600714939,512.995391550823
575,9.58333333333333,2.7,5.6,750.600448632702,522.987389098993,481.228086584035,749.682505826682,474.461390465551
576,9.6,2.7,5.6,750.596602621471,523.074219524005,481.134230366217,748.969029866576,480.630745615176
577,9.61666666666667,2.7,5.6,750.592765133438,523.16086721794,481.040568589131,750.345377089529,509.856262574819
578,9.63333333333333,2.7,5.6,750.588936156033,523.247332574698,480.947100839361,751.118385286535,468.631642869798
579,9.65,2.7,5.6,750.5851156764,523.333615987128,480.853826704574,750.82063221446,486.793033230882
580,9.66666666666667,2.7,5.6,750.581303681412,523.419717847042,480.760745773508,750.88820259101,469.199582459854
581,9.68333333333333,2.7,5.6,750.577500157684,523.50563854522,480.667857635963,750.149302654624,491.736926769055
582,9.7,2.7,5.6,750.573705091579,523.591378471417,480.575161882797,750.680554428221,484.092832068792
583,9.71666666666667,2.7,5.6,750.569918469229,523.67693801438,480.482658105911,749.354028497618,487.48647857895
584,9.73333333333333,2.7,5.6,750.566140276539,523.762317561849,480.390345898241,750.002153497552,477.395377508236
585,9.75,2.7,5.6,750.562370499198,523.847517500568,480.298224853756,749.954826021781,482.931582570352
586,9.76666666666667,2.7,5.6,750.558609122695,523.932538216293,480.20629456744,750.94424795769,496.021089329984
587,9.78333333333333,2.7,5.6,750.554856132321,524.0173800938,480.114554635293,750.544349368471,455.679964070482
588,9.8,2.7,5.6,750.551111513185,524.102043516892,480.023004654319,749.693708721916,462.481462268665
589,9.81666666666667,2.7,5.6,750.547375250219,524.186528868407,479.931644222518,750.540307762475,484.39378060567
590,9.83333333333333,2.7,5.6,750.54364732819,524.270836530226,479.840472938882,750.031807909267,472.808255469927
591,9.85,2.7,5.6,750.539927731706,524.354966883275,479.749490403385,750.045236959734,476.566709495918
592,9.86666666666667,2.7,5.6,750.536216445224,524.438920307538,479.658696216977,751.177415315728,463.581787483931
593,9.88333333333333,2.7,5.6,750.532513453058,524.52269718206,479.568089981581,750.616670674738,469.850168017281
594,9.9,2.7,5.6,750.52881873939,524.606297884956,479.477671300079,750.824403971246,475.136761506444
595,9.91666666666667,2.7,5.6,750.525132288273,524.689722793413,479.387439776314,751.181037946827,471.592367472948
596,9.93333333333333,2.7,5.6,750.521454083637,524.772972283699,479.297395015078,750.655205292576,469.991345842715
597,9.95,2.7,5.6,750.517784109301,524.856046731171,479.207536622108,750.926518164668,474.676902200161
598,9.96666666666667,2.7,5.6,750.514122348974,524.938946510275,479.117864204082,751.020881841849,468.993627881308
599,9.98333333333333,2.7,5.6,750.510468786264,525.021671994554,479.028377368612,751.379060412011,493.440208491962
600,10,2.7,5.6,750.506823404683,525.104223556658,478.939075724236,750.859911960444,468.323286914189
